<?xml version="1.0"?>
<pagescount>
	<html_total>10</html_total>
	<html_done>10</html_done>
	<img>64</img>
	<js>16</js>
	<css>14</css>
	<pdf/>
	<doc/>
	<xls/>
	<ppt/>
	<swf/>
	<mp3/>
	<mp4/>
	<wav/>
	<xml/>
	<json/>
	<txt/>
	<fonts>24</fonts>
	<scraping_reload>1</scraping_reload>
	<is_pretty_url>false</is_pretty_url>
	<is_ebn>false</is_ebn>
	<theme_name>136080</theme_name>
	<server_url_front_page>https://www6.waybackmachinedownloader.com/wdo/files/demo/beauty.budagov.ru_svetoch.sv_gmail.com_dgmrbinxx0v/</server_url_front_page>
	<hosted_domain/>
	<original_archive_url>http://www.beauty.budagov.ru</original_archive_url>
	<final_archive_url>http://www.beauty.budagov.ru/</final_archive_url>
	<front_page_code_date/>
	<total_urls_from_api/>
	<search_url_added>false</search_url_added>
	<total_size>9964</total_size>
</pagescount>
